foldername	filename	currKitchenProb	currModelProb	currModelLabel
11c1b5c0	BeverageFridgeFactory.png	0.023707054555416107	0.340	sauna
11c1b5c0	BookStackFactory.png	0.038873761892318726	0.234	sauna
11c1b5c0	CanFactory.png	0.02907729707658291	0.360	home_theater
11c1b5c0	Normal_Image.png	0.040634896606206894	0.389	home_theater
11c1b5c0	OvenFactory.png	0.014836883172392845	0.307	home_theater
11c1b5c0	SimpleBookcaseFactory.png	0.03270001709461212	0.263	sauna
12f16d0c	CeilingLightFactory.png	0.00771584827452898	0.233	home_theater
12f16d0c	DishwasherFactory.png	0.009878396987915039	0.203	server_room
12f16d0c	Normal_Image.png	0.015321755781769753	0.223	server_room
12f16d0c	OvenFactory.png	0.0009539232705719769	0.286	home_theater
1420624e	BeverageFridgeFactory.png	0.32870158553123474	0.329	kitchen
1420624e	BottleFactory.png	0.3648592233657837	0.365	kitchen
1420624e	CanFactory.png	0.33053696155548096	0.331	kitchen
1420624e	FoodBoxFactory.png	0.33159810304641724	0.332	kitchen
1420624e	JarFactory.png	0.3467816114425659	0.347	kitchen
1420624e	KitchenCabinetFactory.png	0.3646375834941864	0.365	kitchen
1420624e	KitchenSpaceFactory.png	0.0036502117291092873	0.210	sauna
1420624e	MicrowaveFactory.png	0.4308988153934479	0.431	kitchen
1420624e	NatureShelfTrinketsFactory.png	0.3300248384475708	0.330	kitchen
1420624e	Normal_Image.png	0.3536088168621063	0.354	kitchen
1420624e	OvenFactory.png	0.2822801470756531	0.282	kitchen
1420624e	SinkFactory.png	0.34024807810783386	0.340	kitchen
1420624e	WallArtFactory.png	0.3218855857849121	0.322	kitchen
15ba83e1	CanFactory.png	0.0032195402309298515	0.228	basement
15ba83e1	CeilingLightFactory.png	0.015002574771642685	0.249	basement
15ba83e1	DeskLampFactory.png	0.003371038706973195	0.219	basement
15ba83e1	FoodBoxFactory.png	0.004119351971894503	0.137	basement
15ba83e1	KitchenCabinetFactory.png	0.00023468933068215847	0.310	bow_window/indoor
15ba83e1	NatureShelfTrinketsFactory.png	0.013057630509138107	0.235	basement
15ba83e1	Normal_Image.png	0.009565784595906734	0.181	basement
15ba83e1	PlantContainerFactory.png	0.009619182907044888	0.237	basement
16570afb	BottleFactory.png	0.023549217730760574	0.240	bathroom
16570afb	CanFactory.png	0.02376830019056797	0.241	bathroom
16570afb	CeilingLightFactory.png	0.014756041578948498	0.210	bathroom
16570afb	DishwasherFactory.png	0.0267108753323555	0.233	bathroom
16570afb	FoodBagFactory.png	0.023752205073833466	0.242	bathroom
16570afb	FoodBoxFactory.png	0.01927049271762371	0.382	sauna
16570afb	JarFactory.png	0.02412831224501133	0.262	sauna
16570afb	KitchenCabinetFactory.png	0.019384335726499557	0.382	sauna
16570afb	KitchenSpaceFactory.png	0.0010287611512467265	0.456	shower
16570afb	LargeShelfFactory.png	0.01326974667608738	0.388	bathroom
16570afb	NatureShelfTrinketsFactory.png	0.017824282869696617	0.445	sauna
16570afb	Normal_Image.png	0.029103517532348633	0.347	sauna
16570afb	OvenFactory.png	0.016086112707853317	0.428	bathroom
16570afb	PlantContainerFactory.png	0.021289562806487083	0.247	bathroom
16570afb	SingleCabinetFactory.png	0.024659959599375725	0.237	sauna
16570afb	SinkFactory.png	0.02706623077392578	0.319	sauna
181d4f2b	Normal_Image.png	0.0195599552243948	0.125	home_theater
181d4f2b	OvenFactory.png	0.0008479407988488674	0.326	bow_window/indoor
18676f20	BookStackFactory.png	0.020612195134162903	0.364	alcove
18676f20	CeilingLightFactory.png	0.021199440583586693	0.386	alcove
18676f20	FoodBoxFactory.png	0.015555084683001041	0.390	alcove
18676f20	JarFactory.png	0.021368738263845444	0.329	alcove
18676f20	KitchenSpaceFactory.png	0.007841361686587334	0.415	alcove
18676f20	LargePlantContainerFactory.png	0.01992570050060749	0.290	alcove
18676f20	NatureShelfTrinketsFactory.png	0.021782759577035904	0.347	alcove
18676f20	Normal_Image.png	0.045377202332019806	0.367	alcove
18676f20	OvenFactory.png	0.01024816557765007	0.591	alcove
18676f20	SimpleBookcaseFactory.png	0.020691601559519768	0.472	alcove
18676f20	SingleCabinetFactory.png	0.021036040037870407	0.344	alcove
18676f20	SinkFactory.png	0.017262713983654976	0.349	alcove
19dd0dd5	BottleFactory.png	0.08026023954153061	0.203	elevator_lobby
19dd0dd5	CeilingLightFactory.png	0.07278433442115784	0.227	office
19dd0dd5	FoodBagFactory.png	0.0779259130358696	0.205	elevator_lobby
19dd0dd5	KitchenSpaceFactory.png	0.028361091390252113	0.269	locker_room
19dd0dd5	LargeShelfFactory.png	0.055164095014333725	0.180	office
19dd0dd5	MicrowaveFactory.png	0.03256210312247276	0.229	elevator_lobby
19dd0dd5	NatureShelfTrinketsFactory.png	0.1129363626241684	0.159	elevator_lobby
19dd0dd5	Normal_Image.png	0.1694854497909546	0.169	kitchen
19dd0dd5	OvenFactory.png	0.021329712122678757	0.299	elevator_lobby
19dd0dd5	PlantContainerFactory.png	0.07688348740339279	0.225	elevator_lobby
19dd0dd5	WallArtFactory.png	0.021468985825777054	0.293	office_cubicles
1e122544	CeilingLightFactory.png	0.00098420528229326	0.289	corridor
1e122544	Normal_Image.png	0.001662194263190031	0.320	corridor
1e122544	OvenFactory.png	0.0009594141156412661	0.311	basement
206888b1	BeverageFridgeFactory.png	0.0059350100345909595	0.382	sauna
206888b1	BookColumnFactory.png	0.010352268815040588	0.441	sauna
206888b1	BookStackFactory.png	0.013740122318267822	0.332	home_theater
206888b1	BottleFactory.png	0.010509591549634933	0.410	sauna
206888b1	CeilingLightFactory.png	0.013261891901493073	0.369	sauna
206888b1	DishwasherFactory.png	0.010130312293767929	0.382	sauna
206888b1	FoodBoxFactory.png	0.013109222985804081	0.351	home_theater
206888b1	KitchenSpaceFactory.png	0.005458316765725613	0.441	home_theater
206888b1	LargePlantContainerFactory.png	0.014903298579156399	0.347	home_theater
206888b1	NatureShelfTrinketsFactory.png	0.01270502619445324	0.355	home_theater
206888b1	Normal_Image.png	0.036062467843294144	0.326	home_theater
206888b1	SimpleBookcaseFactory.png	0.016504308208823204	0.216	home_theater
206888b1	SinkFactory.png	0.013174432329833508	0.275	home_theater
25176834	BookColumnFactory.png	0.07476910203695297	0.284	wet_bar
25176834	BookStackFactory.png	0.07264098525047302	0.242	wet_bar
25176834	BottleFactory.png	0.07262349128723145	0.240	wet_bar
25176834	CanFactory.png	0.05552821233868599	0.304	wet_bar
25176834	FoodBagFactory.png	0.07412784546613693	0.279	wet_bar
25176834	FoodBoxFactory.png	0.05552992969751358	0.304	wet_bar
25176834	JarFactory.png	0.05552372336387634	0.304	wet_bar
25176834	KitchenSpaceFactory.png	0.00017654594557825476	0.389	jail_cell
25176834	LargeShelfFactory.png	0.05473397672176361	0.314	sauna
25176834	NatureShelfTrinketsFactory.png	0.04781749099493027	0.349	sauna
25176834	Normal_Image.png	0.08631594479084015	0.326	wet_bar
25176834	SimpleBookcaseFactory.png	0.05497095361351967	0.315	wet_bar
25176834	SingleCabinetFactory.png	0.044485464692115784	0.325	sauna
270cc705	BookColumnFactory.png	0.017238523811101913	0.546	reception
270cc705	BookStackFactory.png	0.020280342549085617	0.493	reception
270cc705	BottleFactory.png	0.020123550668358803	0.501	reception
270cc705	CanFactory.png	0.020431170240044594	0.493	reception
270cc705	CeilingLightFactory.png	0.0318281352519989	0.377	reception
270cc705	CellShelfFactory.png	0.01773221231997013	0.525	reception
270cc705	FoodBagFactory.png	0.02648083306849003	0.391	reception
270cc705	FoodBoxFactory.png	0.009071793407201767	0.623	reception
270cc705	JarFactory.png	0.019579198211431503	0.494	reception
270cc705	KitchenSpaceFactory.png	0.019024664536118507	0.506	reception
270cc705	LargeShelfFactory.png	0.020005451515316963	0.494	reception
270cc705	MirrorFactory.png	0.02033548429608345	0.496	reception
270cc705	NatureShelfTrinketsFactory.png	0.02286381460726261	0.451	reception
270cc705	Normal_Image.png	0.021589141339063644	0.366	reception
270cc705	OvenFactory.png	0.04159703105688095	0.091	artists_loft
270cc705	SimpleBookcaseFactory.png	0.0026130208279937506	0.832	reception
270cc705	SinkFactory.png	0.020154785364866257	0.489	reception
270cc705	WineglassFactory.png	0.019908666610717773	0.499	reception
278f2270	BeverageFridgeFactory.png	0.0035950946621596813	0.345	home_theater
278f2270	CeilingLightFactory.png	0.0027039721608161926	0.357	home_theater
278f2270	Normal_Image.png	0.0031852673273533583	0.363	home_theater
278f2270	OvenFactory.png	9.065537597052753e-05	0.325	bow_window/indoor
28108428	CanFactory.png	0.0003387104079592973	0.357	elevator_lobby
28108428	FoodBagFactory.png	0.0003127240343019366	0.385	elevator_lobby
28108428	FoodBoxFactory.png	0.00034880792372860014	0.363	elevator_lobby
28108428	JarFactory.png	0.00034496112493798137	0.359	elevator_lobby
28108428	Normal_Image.png	0.0006125931395217776	0.246	elevator/door
28108428	SingleCabinetFactory.png	0.0011496210936456919	0.159	bow_window/indoor
283770b2	CeilingLightFactory.png	0.0006045949994586408	0.504	bathroom
283770b2	KitchenCabinetFactory.png	0.0007317526615224779	0.220	bathroom
283770b2	LargePlantContainerFactory.png	0.00027687937836162746	0.410	shower
283770b2	Normal_Image.png	0.0018152069533243775	0.408	bathroom
2c653f74	BottleFactory.png	0.00032033148454502225	0.613	closet
2c653f74	CeilingLightFactory.png	0.0011275213910266757	0.316	closet
2c653f74	LargeShelfFactory.png	0.0007154132472351193	0.157	artists_loft
2c653f74	NatureShelfTrinketsFactory.png	0.0005993462400510907	0.351	closet
2c653f74	Normal_Image.png	0.0004418050521053374	0.557	closet
2d879501	BeverageFridgeFactory.png	0.0067015946842730045	0.164	office
2d879501	BottleFactory.png	0.007600864395499229	0.125	home_theater
2d879501	CanFactory.png	0.008215267211198807	0.140	office_cubicles
2d879501	DishwasherFactory.png	0.004429306834936142	0.216	basement
2d879501	FoodBoxFactory.png	0.00783683080226183	0.109	dorm_room
2d879501	JarFactory.png	0.008248805068433285	0.136	office_cubicles
2d879501	NatureShelfTrinketsFactory.png	0.008003303781151772	0.125	office
2d879501	Normal_Image.png	0.00602764030918479	0.118	dorm_room
2d879501	SingleCabinetFactory.png	0.002461834345012903	0.225	jail_cell
2dbefffc	BottleFactory.png	0.009914442896842957	0.871	reception
2dbefffc	CeilingLightFactory.png	0.0034969060216099024	0.655	reception
2dbefffc	FoodBagFactory.png	0.010627824813127518	0.864	reception
2dbefffc	KitchenCabinetFactory.png	0.010559719055891037	0.842	reception
2dbefffc	KitchenSpaceFactory.png	0.017786895856261253	0.183	attic
2dbefffc	LargePlantContainerFactory.png	0.009876737371087074	0.879	reception
2dbefffc	NatureShelfTrinketsFactory.png	0.009746773168444633	0.867	reception
2dbefffc	Normal_Image.png	0.012141378596425056	0.858	reception
2dbefffc	SimpleBookcaseFactory.png	0.002637047553434968	0.701	reception
2e59e13b	BookStackFactory.png	0.008015940897166729	0.241	bathroom
2e59e13b	BottleFactory.png	0.0032474761828780174	0.175	bathroom
2e59e13b	CanFactory.png	0.006967360153794289	0.277	home_theater
2e59e13b	CeilingLightFactory.png	0.006912290118634701	0.119	locker_room
2e59e13b	FoodBagFactory.png	0.007453754544258118	0.287	home_theater
2e59e13b	FoodBoxFactory.png	0.00947325024753809	0.281	home_theater
2e59e13b	JarFactory.png	0.0032474349718540907	0.175	bathroom
2e59e13b	KitchenCabinetFactory.png	0.0032196729443967342	0.170	bathroom
2e59e13b	LargePlantContainerFactory.png	0.007083506789058447	0.240	home_theater
2e59e13b	NatureShelfTrinketsFactory.png	0.00904820580035448	0.315	home_theater
2e59e13b	Normal_Image.png	0.009138930588960648	0.325	bathroom
2e59e13b	PlantContainerFactory.png	0.009616535156965256	0.277	home_theater
2e59e13b	SimpleBookcaseFactory.png	0.0023882014211267233	0.246	bathroom
2ea19bb7	BottleFactory.png	0.08332271873950958	0.497	utility_room
2ea19bb7	CanFactory.png	0.08322444558143616	0.498	utility_room
2ea19bb7	CellShelfFactory.png	0.08081111311912537	0.501	utility_room
2ea19bb7	JarFactory.png	0.08326935768127441	0.496	utility_room
2ea19bb7	KitchenSpaceFactory.png	0.0012319455854594707	0.135	alcove
2ea19bb7	NatureShelfTrinketsFactory.png	0.08321554213762283	0.496	utility_room
2ea19bb7	Normal_Image.png	0.09306574612855911	0.524	utility_room
2ea19bb7	PanFactory.png	0.05050322785973549	0.358	utility_room
30159706	CeilingLightFactory.png	0.004288049880415201	0.325	home_theater
30159706	KitchenSpaceFactory.png	0.0015508353244513273	0.191	basement
30159706	MirrorFactory.png	0.0024584829807281494	0.294	home_theater
30159706	Normal_Image.png	0.004113508854061365	0.212	home_theater
30159706	SinkFactory.png	0.009051203727722168	0.354	bathroom
30159706	WallArtFactory.png	0.010777750983834267	0.168	bathroom
33b88865	BookColumnFactory.png	0.0009858496487140656	0.449	bow_window/indoor
33b88865	CanFactory.png	0.0011108452454209328	0.386	bow_window/indoor
33b88865	CellShelfFactory.png	0.0007705956231802702	0.697	bow_window/indoor
33b88865	FoodBoxFactory.png	0.0011641097953543067	0.392	bow_window/indoor
33b88865	NatureShelfTrinketsFactory.png	0.0011726043885573745	0.376	bow_window/indoor
33b88865	Normal_Image.png	0.0009157314780168235	0.291	home_theater
33c5a07d	BookColumnFactory.png	0.015507752075791359	0.224	alcove
33c5a07d	BottleFactory.png	0.015226513147354126	0.192	alcove
33c5a07d	CellShelfFactory.png	0.014713416807353497	0.360	alcove
33c5a07d	FoodBoxFactory.png	0.01874794438481331	0.218	alcove
33c5a07d	LargePlantContainerFactory.png	0.018747074529528618	0.240	alcove
33c5a07d	MirrorFactory.png	0.010181041434407234	0.226	jail_cell
33c5a07d	NatureShelfTrinketsFactory.png	0.02104043774306774	0.217	alcove
33c5a07d	Normal_Image.png	0.032191045582294464	0.217	alcove
33c5a07d	OvenFactory.png	0.0025957541074603796	0.186	alcove
33c5a07d	SingleCabinetFactory.png	0.018769560381770134	0.170	alcove
33f84adc	BookColumnFactory.png	0.006161142140626907	0.443	television_room
33f84adc	BookStackFactory.png	0.006435377523303032	0.400	television_room
33f84adc	BottleFactory.png	0.00220941798761487	0.510	television_room
33f84adc	CanFactory.png	0.006724681705236435	0.431	television_room
33f84adc	CeilingLightFactory.png	0.0036193691194057465	0.610	television_room
33f84adc	DishwasherFactory.png	0.015477316454052925	0.358	television_room
33f84adc	JarFactory.png	0.002676326548680663	0.631	television_room
33f84adc	LargePlantContainerFactory.png	0.002557720523327589	0.630	television_room
33f84adc	MirrorFactory.png	0.006468482315540314	0.420	television_room
33f84adc	NatureShelfTrinketsFactory.png	0.00679810531437397	0.203	television_room
33f84adc	Normal_Image.png	0.006225437857210636	0.455	television_room
33f84adc	OvenFactory.png	0.0020042441319674253	0.398	basement
33f84adc	PlateFactory.png	0.006570039317011833	0.422	television_room
33f84adc	SimpleBookcaseFactory.png	0.007023290731012821	0.305	television_room
33f84adc	WallArtFactory.png	0.006175873801112175	0.230	television_room
3705dc64	BookColumnFactory.png	0.0008713380666449666	0.526	basement
3705dc64	BookStackFactory.png	0.0014160249847918749	0.419	basement
3705dc64	BottleFactory.png	0.0011465948773548007	0.433	basement
3705dc64	CellShelfFactory.png	0.0004656206874642521	0.658	basement
3705dc64	MirrorFactory.png	0.0023213676176965237	0.298	basement
3705dc64	NatureShelfTrinketsFactory.png	0.0016234265640377998	0.380	basement
3705dc64	Normal_Image.png	0.003269570181146264	0.171	basement
3705dc64	OvenFactory.png	0.0003028118226211518	0.537	basement
37f6d532	BookColumnFactory.png	0.0002912506752181798	0.799	home_theater
37f6d532	BookStackFactory.png	0.00024910096544772387	0.824	home_theater
37f6d532	CanFactory.png	0.0003048572689294815	0.809	home_theater
37f6d532	CeilingLightFactory.png	0.0006408310146071017	0.778	home_theater
37f6d532	CellShelfFactory.png	0.00029845850076526403	0.805	home_theater
37f6d532	DishwasherFactory.png	0.0003665444965008646	0.706	home_theater
37f6d532	FoodBoxFactory.png	0.00013278145343065262	0.860	home_theater
37f6d532	JarFactory.png	0.0001610072940820828	0.849	home_theater
37f6d532	NatureShelfTrinketsFactory.png	0.00026401891955174506	0.816	home_theater
37f6d532	Normal_Image.png	0.0003660477523226291	0.845	home_theater
38776dcf	BookColumnFactory.png	0.0013447203673422337	0.203	home_theater
38776dcf	BookStackFactory.png	0.000878395396284759	0.218	basement
38776dcf	BottleFactory.png	0.001287922845222056	0.194	home_theater
38776dcf	CeilingLightFactory.png	0.0014331142883747816	0.169	basement
38776dcf	FoodBagFactory.png	0.0013132896274328232	0.195	home_theater
38776dcf	LargeShelfFactory.png	0.0002669940877240151	0.242	home_theater
38776dcf	Normal_Image.png	0.001566429971717298	0.305	home_theater
38776dcf	OvenFactory.png	0.0014908513985574245	0.234	home_theater
38e0ef2b	BookColumnFactory.png	0.0013532834127545357	0.170	television_room
38e0ef2b	BookStackFactory.png	0.0005310088163241744	0.727	home_theater
38e0ef2b	BottleFactory.png	0.0011252474505454302	0.264	television_room
38e0ef2b	CanFactory.png	0.00038591830525547266	0.733	home_theater
38e0ef2b	CeilingLightFactory.png	0.0013751588994637132	0.307	television_room
38e0ef2b	FoodBagFactory.png	0.0012249923311173916	0.308	television_room
38e0ef2b	FoodBoxFactory.png	0.00045415342901833355	0.717	home_theater
38e0ef2b	JarFactory.png	0.0013529981952160597	0.169	television_room
38e0ef2b	LargePlantContainerFactory.png	0.001697877305559814	0.216	television_room
38e0ef2b	LargeShelfFactory.png	0.0013169832527637482	0.171	television_room
38e0ef2b	MirrorFactory.png	0.0011967099271714687	0.254	television_room
38e0ef2b	NatureShelfTrinketsFactory.png	0.00035920049413107336	0.621	home_theater
38e0ef2b	Normal_Image.png	0.00044389828690327704	0.703	home_theater
38e0ef2b	OvenFactory.png	0.00031885216594673693	0.746	home_theater
38e0ef2b	SimpleBookcaseFactory.png	0.0008055202197283506	0.444	home_theater
38e0ef2b	SingleCabinetFactory.png	0.0003894825931638479	0.595	home_theater
38e0ef2b	WallArtFactory.png	0.0005280140903778374	0.707	home_theater
3b84d5e1	BeverageFridgeFactory.png	0.0059333667159080505	0.250	bow_window/indoor
3b84d5e1	CanFactory.png	0.12529665231704712	0.137	sauna
3b84d5e1	CeilingLightFactory.png	0.12185316532850266	0.122	kitchen
3b84d5e1	CellShelfFactory.png	0.08518853783607483	0.183	closet
3b84d5e1	FoodBoxFactory.png	0.0330120213329792	0.373	home_theater
3b84d5e1	JarFactory.png	0.033074501901865005	0.375	home_theater
3b84d5e1	NatureShelfTrinketsFactory.png	0.12477949261665344	0.153	sauna
3b84d5e1	Normal_Image.png	0.04413613677024841	0.369	home_theater
3c81947f	BookColumnFactory.png	0.0009347859886474907	0.196	bathroom
3c81947f	BottleFactory.png	0.000940264668315649	0.186	bathroom
3c81947f	CanFactory.png	0.0008965135202743113	0.169	jail_cell
3c81947f	FoodBagFactory.png	0.0009416016982868314	0.186	bathroom
3c81947f	FoodBoxFactory.png	0.0009197163162752986	0.149	jail_cell
3c81947f	JarFactory.png	0.0009098795708268881	0.148	jail_cell
3c81947f	LargePlantContainerFactory.png	0.0010724045569077134	0.204	jail_cell
3c81947f	LargeShelfFactory.png	0.0007705020252615213	0.140	home_theater
3c81947f	NatureShelfTrinketsFactory.png	0.0009423644514754415	0.187	bathroom
3c81947f	Normal_Image.png	0.0014120230916887522	0.200	home_office
3c81947f	OvenFactory.png	0.0004759370058309287	0.277	berth
3c81947f	SimpleBookcaseFactory.png	0.0009327780571766198	0.192	bathroom
3c81947f	SingleCabinetFactory.png	0.001023441436700523	0.142	home_theater
3ca0870f	BookStackFactory.png	0.00020247431530151516	0.329	home_theater
3ca0870f	BottleFactory.png	0.0002031378826359287	0.327	home_theater
3ca0870f	CanFactory.png	0.00020242962636984885	0.330	home_theater
3ca0870f	DeskLampFactory.png	0.000825811643153429	0.283	barndoor
3ca0870f	FoodBagFactory.png	0.00020242962636984885	0.330	home_theater
3ca0870f	FoodBoxFactory.png	0.00020307193335611373	0.327	home_theater
3ca0870f	JarFactory.png	0.0018019210547208786	0.272	home_theater
3ca0870f	KitchenCabinetFactory.png	0.0002016092330450192	0.328	home_theater
3ca0870f	KitchenSpaceFactory.png	0.00043153107981197536	0.132	manufactured_home
3ca0870f	LargePlantContainerFactory.png	0.00185003608930856	0.306	home_theater
3ca0870f	NatureShelfTrinketsFactory.png	0.001801671925932169	0.272	home_theater
3ca0870f	Normal_Image.png	0.011212561279535294	0.172	home_theater
3ca0870f	SingleCabinetFactory.png	0.00017874455079436302	0.334	home_theater
3cc4b9e6	BottleFactory.png	0.0014918935485184193	0.164	art_gallery
3cc4b9e6	NatureShelfTrinketsFactory.png	0.002726566046476364	0.167	art_gallery
3cc4b9e6	Normal_Image.png	0.0031863993499428034	0.177	art_gallery
3cc4b9e6	PlantContainerFactory.png	0.0012482489692047238	0.144	elevator/door
3cc4b9e6	SingleCabinetFactory.png	0.00041430655983276665	0.162	server_room
3e76aa1a	CeilingLightFactory.png	0.10710778832435608	0.338	wet_bar
3e76aa1a	CupFactory.png	0.10727369785308838	0.492	wet_bar
3e76aa1a	DishwasherFactory.png	0.077841617166996	0.338	wet_bar
3e76aa1a	KitchenSpaceFactory.png	0.0035904680844396353	0.264	bathroom
3e76aa1a	LargePlantContainerFactory.png	0.13810986280441284	0.365	wet_bar
3e76aa1a	MicrowaveFactory.png	0.06443985551595688	0.479	utility_room
3e76aa1a	Normal_Image.png	0.12395013868808746	0.447	wet_bar
3e76aa1a	PotFactory.png	0.08898292481899261	0.228	wet_bar
3e76aa1a	WineglassFactory.png	0.11105768382549286	0.302	wet_bar
3e8f37c8	BeverageFridgeFactory.png	0.1055079996585846	0.194	utility_room
3e8f37c8	BookColumnFactory.png	0.27117156982421875	0.271	kitchen
3e8f37c8	BookStackFactory.png	0.3501894474029541	0.350	kitchen
3e8f37c8	BottleFactory.png	0.3619527816772461	0.362	kitchen
3e8f37c8	CeilingLightFactory.png	0.20715662837028503	0.252	utility_room
3e8f37c8	CupFactory.png	0.3081737458705902	0.308	kitchen
3e8f37c8	FoodBagFactory.png	0.38030797243118286	0.380	kitchen
3e8f37c8	JarFactory.png	0.3765251934528351	0.377	kitchen
3e8f37c8	KitchenCabinetFactory.png	0.3508606255054474	0.351	kitchen
3e8f37c8	KitchenSpaceFactory.png	0.004599768202751875	0.178	basement
3e8f37c8	MirrorFactory.png	0.34271547198295593	0.343	kitchen
3e8f37c8	NatureShelfTrinketsFactory.png	0.3983765244483948	0.398	kitchen
3e8f37c8	Normal_Image.png	0.367428183555603	0.367	kitchen
3e8f37c8	PlantContainerFactory.png	0.32660797238349915	0.327	kitchen
3e8f37c8	SimpleBookcaseFactory.png	0.28984227776527405	0.290	kitchen
3e8f37c8	SinkFactory.png	0.3548091650009155	0.355	kitchen
3fa79dc4	BookStackFactory.png	0.0012545872014015913	0.780	bathroom
3fa79dc4	BottleFactory.png	0.0002979054406750947	0.695	bathroom
3fa79dc4	BowlFactory.png	0.0056829326786100864	0.246	sauna
3fa79dc4	CanFactory.png	0.00046940057654865086	0.777	bathroom
3fa79dc4	CeilingLightFactory.png	0.001260397839359939	0.785	bathroom
3fa79dc4	CellShelfFactory.png	0.0003286867286078632	0.608	bathroom
3fa79dc4	CupFactory.png	0.0012552308617159724	0.780	bathroom
3fa79dc4	FoodBagFactory.png	0.0003264587721787393	0.610	bathroom
3fa79dc4	FoodBoxFactory.png	0.0012551078107208014	0.780	bathroom
3fa79dc4	JarFactory.png	0.00032649710192345083	0.610	bathroom
3fa79dc4	KitchenCabinetFactory.png	0.00012147751112934202	0.417	bathroom
3fa79dc4	KitchenSpaceFactory.png	0.0015019907150417566	0.757	bathroom
3fa79dc4	NatureShelfTrinketsFactory.png	0.0012553069973364472	0.780	bathroom
3fa79dc4	Normal_Image.png	0.004813082050532103	0.382	bathroom
3fa79dc4	OvenFactory.png	0.001255747745744884	0.780	bathroom
3fa79dc4	PlantContainerFactory.png	0.0005748377298004925	0.765	bathroom
3fa79dc4	WineglassFactory.png	0.0012547496007755399	0.780	bathroom
3fceb0b8	KitchenSpaceFactory.png	0.008662612177431583	0.221	closet
3fceb0b8	MicrowaveFactory.png	0.05855700746178627	0.225	wet_bar
3fceb0b8	Normal_Image.png	0.10073449462652206	0.187	wet_bar
3fceb0b8	OvenFactory.png	0.052195239812135696	0.314	wet_bar
408161b9	BookStackFactory.png	0.002791640581563115	0.236	elevator_lobby
408161b9	BottleFactory.png	0.005592984147369862	0.245	locker_room
408161b9	CeilingLightFactory.png	0.007785741239786148	0.227	locker_room
408161b9	DeskLampFactory.png	0.005265278276056051	0.180	elevator_lobby
408161b9	FoodBagFactory.png	0.002659774385392666	0.231	elevator_lobby
408161b9	JarFactory.png	0.0034591834992170334	0.240	elevator_lobby
408161b9	KitchenCabinetFactory.png	0.0012933261459693313	0.381	elevator_lobby
408161b9	NatureShelfTrinketsFactory.png	0.0023569674231112003	0.264	elevator_lobby
408161b9	Normal_Image.png	0.010873165912926197	0.125	bathroom
408161b9	PlantContainerFactory.png	0.003883695462718606	0.376	locker_room
408161b9	SimpleBookcaseFactory.png	0.0023178851697593927	0.261	elevator_lobby
408161b9	SingleCabinetFactory.png	0.004040971864014864	0.223	elevator_lobby
42ac381a	CanFactory.png	0.002903929678723216	0.167	home_theater
42ac381a	CeilingLightFactory.png	0.0026495091151446104	0.137	home_theater
42ac381a	NatureShelfTrinketsFactory.png	0.0028979612980037928	0.170	home_theater
42ac381a	Normal_Image.png	0.0015871224459260702	0.445	home_theater
42ac381a	OvenFactory.png	0.0016966512193903327	0.189	basement
42ac381a	SimpleBookcaseFactory.png	0.0029017433989793062	0.166	home_theater
42ac381a	WallArtFactory.png	0.002849329961463809	0.161	home_theater
44d3e140	Normal_Image.png	0.000251993362326175	0.495	jail_cell
44d3e140	OvenFactory.png	0.00016701511049177498	0.429	berth
44d3e140	WallArtFactory.png	7.421401824103668e-05	0.643	jail_cell
46036342	BowlFactory.png	0.022330189123749733	0.473	bathroom
46036342	CeilingLightFactory.png	0.03714384138584137	0.530	bathroom
46036342	DishwasherFactory.png	0.00855543464422226	0.642	bathroom
46036342	KitchenCabinetFactory.png	0.021797798573970795	0.444	bathroom
46036342	KitchenSpaceFactory.png	0.0022798096761107445	0.156	bedroom
46036342	Normal_Image.png	0.02345319651067257	0.583	bathroom
46036342	OvenFactory.png	0.011246563866734505	0.643	bathroom
46036342	PotFactory.png	0.020129332318902016	0.317	bathroom
46036342	SinkFactory.png	0.0057306187227368355	0.726	bathroom
47c8cb86	BookStackFactory.png	0.0003343872958794236	0.723	sauna
47c8cb86	BottleFactory.png	0.0004189235914964229	0.696	sauna
47c8cb86	CellShelfFactory.png	0.000234228529734537	0.181	jail_cell
47c8cb86	NatureShelfTrinketsFactory.png	0.0004296563856769353	0.683	sauna
47c8cb86	Normal_Image.png	0.0007963687530718744	0.715	sauna
47f5f3ec	BookStackFactory.png	0.3543570339679718	0.471	wet_bar
47f5f3ec	CanFactory.png	0.3501438498497009	0.473	wet_bar
47f5f3ec	CeilingLightFactory.png	0.4411782920360565	0.441	kitchen
47f5f3ec	CupFactory.png	0.3043818771839142	0.495	wet_bar
47f5f3ec	KitchenSpaceFactory.png	0.005453288089483976	0.140	basement
47f5f3ec	LargePlantContainerFactory.png	0.3544006943702698	0.471	wet_bar
47f5f3ec	Normal_Image.png	0.5000108480453491	0.500	kitchen
47f5f3ec	OvenFactory.png	0.03028198890388012	0.504	wet_bar
47f5f3ec	PlantContainerFactory.png	0.329278826713562	0.481	wet_bar
47f5f3ec	PotFactory.png	0.35912543535232544	0.436	wet_bar
47f5f3ec	SingleCabinetFactory.png	0.27986958622932434	0.280	kitchen
47f5f3ec	SinkFactory.png	0.3392722010612488	0.339	kitchen
499f5b29	BookStackFactory.png	0.0016286587342619896	0.244	television_room
499f5b29	CeilingLightFactory.png	0.0018517939606681466	0.289	television_room
499f5b29	FoodBoxFactory.png	0.0018497556447982788	0.211	television_room
499f5b29	JarFactory.png	0.0015817260136827826	0.175	home_theater
499f5b29	LargePlantContainerFactory.png	0.0020234009716659784	0.187	television_room
499f5b29	NatureShelfTrinketsFactory.png	0.0018763769185170531	0.213	television_room
499f5b29	Normal_Image.png	0.001454016426578164	0.189	home_theater
499f5b29	OvenFactory.png	0.0016177265206351876	0.180	television_room
499f5b29	SimpleBookcaseFactory.png	0.0025231102481484413	0.168	television_room
499f5b29	SingleCabinetFactory.png	0.0021141606848686934	0.211	television_room
4b161b58	CeilingLightFactory.png	0.0009992850245907903	0.327	bow_window/indoor
4b161b58	LargePlantContainerFactory.png	0.0008950529736466706	0.332	bow_window/indoor
4b161b58	Normal_Image.png	0.001099865883588791	0.396	bow_window/indoor
4d4c47b3	BowlFactory.png	0.030062876641750336	0.193	hotel_room
4d4c47b3	CeilingLightFactory.png	0.025460397824645042	0.127	hotel_room
4d4c47b3	FoodBoxFactory.png	0.03951223939657211	0.137	bathroom
4d4c47b3	JarFactory.png	0.03841909021139145	0.175	hotel_room
4d4c47b3	KitchenSpaceFactory.png	0.001131736789830029	0.270	alcove
4d4c47b3	LargePlantContainerFactory.png	0.041995320469141006	0.150	hotel_room
4d4c47b3	NatureShelfTrinketsFactory.png	0.039553552865982056	0.135	bathroom
4d4c47b3	Normal_Image.png	0.0400237999856472	0.271	bathroom
4d4c47b3	OvenFactory.png	0.07247273623943329	0.253	bathroom
4d4c47b3	SingleCabinetFactory.png	0.043991900980472565	0.165	bathroom
4d4c47b3	SinkFactory.png	0.017988840118050575	0.212	hotel_room
4e4a1835	BookColumnFactory.png	0.5932562947273254	0.593	kitchen
4e4a1835	BottleFactory.png	0.5815805792808533	0.582	kitchen
4e4a1835	CanFactory.png	0.5165132284164429	0.517	kitchen
4e4a1835	CeilingLightFactory.png	0.6021823883056641	0.602	kitchen
4e4a1835	CellShelfFactory.png	0.5113263130187988	0.511	kitchen
4e4a1835	DeskLampFactory.png	0.5699303150177002	0.570	kitchen
4e4a1835	DishwasherFactory.png	0.5498083233833313	0.550	kitchen
4e4a1835	FoodBagFactory.png	0.5973202586174011	0.597	kitchen
4e4a1835	FoodBoxFactory.png	0.5143934488296509	0.514	kitchen
4e4a1835	JarFactory.png	0.5875561833381653	0.588	kitchen
4e4a1835	KitchenCabinetFactory.png	0.5940941572189331	0.594	kitchen
4e4a1835	KitchenSpaceFactory.png	0.009842454455792904	0.150	reception
4e4a1835	LargeShelfFactory.png	0.5543352365493774	0.554	kitchen
4e4a1835	NatureShelfTrinketsFactory.png	0.5492555499076843	0.549	kitchen
4e4a1835	Normal_Image.png	0.5921199917793274	0.592	kitchen
4e4a1835	OvenFactory.png	0.654480516910553	0.654	kitchen
4e4a1835	PlantContainerFactory.png	0.5690378546714783	0.569	kitchen
4e4a1835	SimpleBookcaseFactory.png	0.5528417825698853	0.553	kitchen
4e4a1835	SinkFactory.png	0.5987873077392578	0.599	kitchen
4e87bd2	BookStackFactory.png	0.05020665004849434	0.150	bathroom
4e87bd2	CanFactory.png	0.0575898103415966	0.196	bathroom
4e87bd2	CeilingLightFactory.png	0.0603976845741272	0.097	bathroom
4e87bd2	CellShelfFactory.png	0.025874026119709015	0.083	waiting_room
4e87bd2	CupFactory.png	0.04953766614198685	0.187	bathroom
4e87bd2	JarFactory.png	0.05808984488248825	0.088	bathroom
4e87bd2	KitchenSpaceFactory.png	0.01426673773676157	0.241	elevator_lobby
4e87bd2	LargePlantContainerFactory.png	0.034055087715387344	0.254	bathroom
4e87bd2	NatureShelfTrinketsFactory.png	0.05581934377551079	0.183	bathroom
4e87bd2	Normal_Image.png	0.07947195321321487	0.227	bathroom
4e87bd2	OvenFactory.png	0.029529843479394913	0.450	bathroom
4e87bd2	SinkFactory.png	0.060342974960803986	0.215	bathroom
4f76a388	BookStackFactory.png	0.009062662720680237	0.413	home_theater
4f76a388	CeilingLightFactory.png	0.010687164030969143	0.336	movie_theater/indoor
4f76a388	FoodBagFactory.png	0.004956563003361225	0.336	movie_theater/indoor
4f76a388	FoodBoxFactory.png	0.00963617768138647	0.407	home_theater
4f76a388	JarFactory.png	0.012031704187393188	0.323	movie_theater/indoor
4f76a388	NatureShelfTrinketsFactory.png	0.007997144013643265	0.404	home_theater
4f76a388	Normal_Image.png	0.005689712706953287	0.535	home_theater
4f76a388	SimpleBookcaseFactory.png	0.0015233000740408897	0.358	movie_theater/indoor
51b050ae	KitchenSpaceFactory.png	0.0002396628842689097	0.176	shower
51b050ae	Normal_Image.png	0.010587070137262344	0.385	sauna
51b050ae	PlateFactory.png	0.0059333667159080505	0.520	sauna
53bf643b	BookStackFactory.png	0.004036405589431524	0.493	corridor
53bf643b	BottleFactory.png	0.004972144030034542	0.321	corridor
53bf643b	CeilingLightFactory.png	0.003646471304818988	0.548	corridor
53bf643b	CellShelfFactory.png	0.002042703330516815	0.495	corridor
53bf643b	CupFactory.png	0.004977880511432886	0.320	corridor
53bf643b	DishwasherFactory.png	0.004228684585541487	0.399	corridor
53bf643b	FoodBagFactory.png	0.003925184719264507	0.377	corridor
53bf643b	JarFactory.png	0.0048415688797831535	0.324	corridor
53bf643b	KitchenSpaceFactory.png	0.005059872288256884	0.348	corridor
53bf643b	LargePlantContainerFactory.png	0.004494537133723497	0.361	corridor
53bf643b	MirrorFactory.png	0.002757183276116848	0.313	corridor
53bf643b	Normal_Image.png	0.0024336492642760277	0.567	corridor
53bf643b	OvenFactory.png	0.005041087977588177	0.320	corridor
53bf643b	PanFactory.png	0.004987299907952547	0.321	corridor
53bf643b	SinkFactory.png	0.005009741522371769	0.321	corridor
53bf643b	WallArtFactory.png	0.0061204805970191956	0.338	corridor
546c8541	BookStackFactory.png	0.059318915009498596	0.283	wet_bar
546c8541	BowlFactory.png	0.048299409449100494	0.412	wet_bar
546c8541	CanFactory.png	0.05453392490744591	0.427	wet_bar
546c8541	CellShelfFactory.png	0.057129450142383575	0.347	wet_bar
546c8541	FoodBagFactory.png	0.05385369807481766	0.425	wet_bar
546c8541	FoodBoxFactory.png	0.056915488094091415	0.349	wet_bar
546c8541	JarFactory.png	0.053809307515621185	0.424	wet_bar
546c8541	KitchenCabinetFactory.png	0.05424177274107933	0.378	wet_bar
546c8541	KitchenSpaceFactory.png	0.03016301430761814	0.164	television_room
546c8541	NatureShelfTrinketsFactory.png	0.059311699122190475	0.284	wet_bar
546c8541	Normal_Image.png	0.07268339395523071	0.423	wet_bar
546c8541	SingleCabinetFactory.png	0.03298436105251312	0.494	wet_bar
550da142	BeverageFridgeFactory.png	0.008322326466441154	0.337	home_theater
550da142	CeilingLightFactory.png	0.0264598336070776	0.169	home_office
550da142	KitchenCabinetFactory.png	0.006235807668417692	0.323	home_theater
550da142	KitchenSpaceFactory.png	0.0014968605246394873	0.360	home_theater
550da142	Normal_Image.png	0.019016874954104424	0.304	home_theater
550da142	OvenFactory.png	0.0083463778719306	0.311	sauna
55ea34ab	BeverageFridgeFactory.png	0.0008326852694153786	0.182	home_theater
55ea34ab	BottleFactory.png	0.0018174998695030808	0.192	home_theater
55ea34ab	CeilingLightFactory.png	0.0035814770963042974	0.137	attic
55ea34ab	FoodBoxFactory.png	0.001809773501008749	0.187	home_theater
55ea34ab	LargeShelfFactory.png	0.0011631010565906763	0.162	home_theater
55ea34ab	NatureShelfTrinketsFactory.png	0.0017682689940556884	0.188	home_theater
55ea34ab	Normal_Image.png	0.00286358455196023	0.209	home_theater
55ea34ab	PlantContainerFactory.png	0.0017783876974135637	0.139	home_theater
563e56d9	BottleFactory.png	0.00920027680695057	0.265	basement
563e56d9	BowlFactory.png	0.008102435618638992	0.270	basement
563e56d9	CeilingLightFactory.png	0.0028296879027038813	0.323	basement
563e56d9	FoodBagFactory.png	0.008959204889833927	0.267	basement
563e56d9	FoodBoxFactory.png	0.009220280684530735	0.267	basement
563e56d9	JarFactory.png	0.009020335040986538	0.265	basement
563e56d9	KitchenSpaceFactory.png	0.0015375002985820174	0.294	basement
563e56d9	LargePlantContainerFactory.png	0.008716203272342682	0.256	basement
563e56d9	NatureShelfTrinketsFactory.png	0.012308390811085701	0.200	basement
563e56d9	Normal_Image.png	0.02986016497015953	0.230	office_cubicles
563e56d9	OvenFactory.png	0.0016058360924944282	0.481	basement
563e56d9	SimpleBookcaseFactory.png	0.008817972615361214	0.269	basement
563e56d9	SingleCabinetFactory.png	0.01342846266925335	0.196	basement
563e56d9	SinkFactory.png	0.011161794885993004	0.317	basement
563e56d9	WineglassFactory.png	0.008651630021631718	0.268	basement
57d63987	Normal_Image.png	0.013767275027930737	0.396	alcove
57d63987	OvenFactory.png	0.000592908589169383	0.239	alcove
5811cdf8	BookColumnFactory.png	0.009432924911379814	0.308	sauna
5811cdf8	BookStackFactory.png	0.0072293938137590885	0.310	sauna
5811cdf8	CellShelfFactory.png	0.007440561428666115	0.259	sauna
5811cdf8	DeskLampFactory.png	0.0083304513245821	0.317	sauna
5811cdf8	JarFactory.png	0.008372110314667225	0.291	sauna
5811cdf8	LargeShelfFactory.png	0.006207849830389023	0.324	sauna
5811cdf8	NatureShelfTrinketsFactory.png	0.00878433883190155	0.285	sauna
5811cdf8	Normal_Image.png	0.015070068649947643	0.357	sauna
5811cdf8	OvenFactory.png	0.002519153291359544	0.274	jacuzzi/indoor
591499cf	CeilingLightFactory.png	0.00047168132732622325	0.252	artists_loft
591499cf	Normal_Image.png	0.00259374245069921	0.171	artists_loft
591499cf	WallArtFactory.png	0.0005829798174090683	0.398	attic
5b2246da	BeverageFridgeFactory.png	0.034962426871061325	0.246	wet_bar
5b2246da	BookStackFactory.png	0.0334986075758934	0.157	home_office
5b2246da	BottleFactory.png	0.0508321188390255	0.139	home_office
5b2246da	CanFactory.png	0.04936114698648453	0.151	wet_bar
5b2246da	CellShelfFactory.png	0.04936486482620239	0.151	wet_bar
5b2246da	DeskLampFactory.png	0.0336715504527092	0.156	home_office
5b2246da	FoodBagFactory.png	0.034562572836875916	0.148	home_office
5b2246da	FoodBoxFactory.png	0.04911084100604057	0.151	wet_bar
5b2246da	JarFactory.png	0.04925086721777916	0.151	wet_bar
5b2246da	KitchenCabinetFactory.png	0.046987831592559814	0.142	wet_bar
5b2246da	KitchenSpaceFactory.png	0.0010550825390964746	0.178	dorm_room
5b2246da	LargePlantContainerFactory.png	0.08002325892448425	0.179	wet_bar
5b2246da	NatureShelfTrinketsFactory.png	0.0491374172270298	0.151	wet_bar
5b2246da	Normal_Image.png	0.10405284911394119	0.200	home_office
5b2246da	PotFactory.png	0.026474595069885254	0.155	home_office
5b2246da	SimpleBookcaseFactory.png	0.03352827578783035	0.149	home_office
5b2246da	SinkFactory.png	0.025749608874320984	0.115	wet_bar
5b2246da	WallArtFactory.png	0.05075966939330101	0.148	wet_bar
5bd1b900	BottleFactory.png	0.000994027592241764	0.580	home_theater
5bd1b900	CanFactory.png	0.001012876513414085	0.600	home_theater
5bd1b900	DeskLampFactory.png	0.0010071027791127563	0.583	home_theater
5bd1b900	DishwasherFactory.png	0.005478559527546167	0.315	home_theater
5bd1b900	FoodBagFactory.png	0.0011124914744868875	0.571	home_theater
5bd1b900	FoodBoxFactory.png	0.000992809422314167	0.581	home_theater
5bd1b900	NatureShelfTrinketsFactory.png	0.0009921593591570854	0.580	home_theater
5bd1b900	Normal_Image.png	0.00409203115850687	0.481	home_theater
5bd1b900	OvenFactory.png	0.0007388365920633078	0.288	jail_cell
5bd1b900	SimpleBookcaseFactory.png	0.001006013946607709	0.583	home_theater
5c323fb1	BeverageFridgeFactory.png	0.0005636917776428163	0.440	bathroom
5c323fb1	BookStackFactory.png	0.0014985521556809545	0.303	bathroom
5c323fb1	BottleFactory.png	0.001735685858875513	0.314	bathroom
5c323fb1	CanFactory.png	0.0024048530030995607	0.342	bathroom
5c323fb1	CellShelfFactory.png	0.0024551106616854668	0.336	bathroom
5c323fb1	FoodBagFactory.png	0.0024798638187348843	0.358	bathroom
5c323fb1	FoodBoxFactory.png	0.0005191480158828199	0.480	sauna
5c323fb1	JarFactory.png	0.0017721368931233883	0.322	bathroom
5c323fb1	KitchenSpaceFactory.png	0.0061427270993590355	0.215	bathroom
5c323fb1	LargeShelfFactory.png	0.002773334039375186	0.372	bathroom
5c323fb1	NatureShelfTrinketsFactory.png	0.0024044073652476072	0.342	bathroom
5c323fb1	Normal_Image.png	0.00822925753891468	0.407	bathroom
5c323fb1	SimpleBookcaseFactory.png	0.0005149672506377101	0.482	sauna
5c323fb1	SingleCabinetFactory.png	0.0004212550411466509	0.352	sauna
5c323fb1	WallArtFactory.png	0.0001882536307675764	0.670	sauna
61e5f028	BookStackFactory.png	0.0446670725941658	0.227	home_theater
61e5f028	BowlFactory.png	0.035110943019390106	0.262	reception
61e5f028	CanFactory.png	0.07684838026762009	0.261	home_theater
61e5f028	FoodBoxFactory.png	0.0543803870677948	0.241	wet_bar
61e5f028	KitchenCabinetFactory.png	0.04250439256429672	0.271	reception
61e5f028	KitchenSpaceFactory.png	0.00046653635217808187	0.327	basement
61e5f028	LargeShelfFactory.png	0.04483826458454132	0.232	home_theater
61e5f028	NatureShelfTrinketsFactory.png	0.050827834755182266	0.220	reception
61e5f028	Normal_Image.png	0.2112354189157486	0.211	kitchen
61e5f028	PanFactory.png	0.032869767397642136	0.279	home_theater
61e5f028	PlantContainerFactory.png	0.024221090599894524	0.361	home_theater
61e5f028	SinkFactory.png	0.05553359538316727	0.237	home_theater
61e5f028	WineglassFactory.png	0.03751380369067192	0.265	home_theater
62525742	BeverageFridgeFactory.png	0.0005370727740228176	0.243	elevator/door
62525742	CeilingLightFactory.png	0.001385114504955709	0.168	alcove
62525742	DishwasherFactory.png	0.001399050117470324	0.178	alcove
62525742	KitchenSpaceFactory.png	0.0005707984673790634	0.232	elevator/door
62525742	LargePlantContainerFactory.png	0.0006317471852526069	0.196	elevator/door
62525742	MicrowaveFactory.png	0.0005681827897205949	0.234	elevator/door
62525742	Normal_Image.png	0.001859829411841929	0.177	alcove
62525742	PlateFactory.png	0.000564581248909235	0.233	elevator/door
62525742	SimpleBookcaseFactory.png	0.0005621760501526296	0.232	elevator/door
62525742	WallArtFactory.png	0.0005563369486480951	0.245	elevator/door
62a08088	BookStackFactory.png	3.5859380886904546e-07	0.988	catacomb
62a08088	BottleFactory.png	3.5859380886904546e-07	0.988	catacomb
62a08088	CanFactory.png	3.8393542922676716e-07	0.988	catacomb
62a08088	DeskLampFactory.png	3.5859380886904546e-07	0.988	catacomb
62a08088	DishwasherFactory.png	2.4470482458127663e-06	0.916	catacomb
62a08088	FoodBagFactory.png	3.212425667697971e-07	0.990	catacomb
62a08088	FoodBoxFactory.png	3.5859380886904546e-07	0.988	catacomb
62a08088	JarFactory.png	3.5859380886904546e-07	0.988	catacomb
62a08088	LargePlantContainerFactory.png	5.769177846559614e-07	0.978	catacomb
62a08088	NatureShelfTrinketsFactory.png	2.3852248887124006e-07	0.992	catacomb
62a08088	Normal_Image.png	0.0001415638835169375	0.670	jail_cell
62a08088	OvenFactory.png	1.1389575860221157e-07	0.993	catacomb
62a08088	SimpleBookcaseFactory.png	3.57669421191531e-07	0.988	catacomb
632b6b98	CeilingLightFactory.png	0.007136652246117592	0.342	basement
632b6b98	KitchenSpaceFactory.png	0.0031576610635966063	0.424	basement
632b6b98	Normal_Image.png	0.024406833574175835	0.342	basement
632b6b98	OvenFactory.png	0.000554403814021498	0.428	basement
638996e6	CeilingLightFactory.png	0.0014950890326872468	0.132	elevator/door
638996e6	Normal_Image.png	0.0021010544151067734	0.148	berth
63b8f61a	BookStackFactory.png	0.0005460740067064762	0.305	elevator_lobby
63b8f61a	BottleFactory.png	0.0005722323548980057	0.267	elevator_lobby
63b8f61a	CanFactory.png	0.0005368766142055392	0.301	elevator_lobby
63b8f61a	CeilingLightFactory.png	0.0004590844037011266	0.310	elevator_lobby
63b8f61a	CellShelfFactory.png	0.0005925719160586596	0.219	elevator_lobby
63b8f61a	FoodBagFactory.png	0.0005670422688126564	0.289	elevator_lobby
63b8f61a	JarFactory.png	0.0005728047108277678	0.216	elevator_lobby
63b8f61a	KitchenCabinetFactory.png	0.00023828455596230924	0.278	elevator_lobby
63b8f61a	MirrorFactory.png	0.00016553630121052265	0.295	basement
63b8f61a	NatureShelfTrinketsFactory.png	0.0005703351343981922	0.218	elevator_lobby
63b8f61a	Normal_Image.png	0.000791852013207972	0.118	elevator_lobby
63b8f61a	SimpleBookcaseFactory.png	0.0010096286423504353	0.221	elevator_lobby
647f1a3d	BookStackFactory.png	0.14097826182842255	0.180	wet_bar
647f1a3d	FoodBagFactory.png	0.14203257858753204	0.180	wet_bar
647f1a3d	FoodBoxFactory.png	0.14093811810016632	0.180	wet_bar
647f1a3d	KitchenCabinetFactory.png	0.1031547486782074	0.162	wet_bar
647f1a3d	KitchenSpaceFactory.png	0.00044202012941241264	0.258	jail_cell
647f1a3d	Normal_Image.png	0.24990245699882507	0.391	utility_room
647f1a3d	OvenFactory.png	0.009710358455777168	0.449	basement
6891dbe5	BookStackFactory.png	0.03117769956588745	0.221	television_room
6891dbe5	BottleFactory.png	0.030195165425539017	0.177	television_room
6891dbe5	CanFactory.png	0.02837490849196911	0.227	television_room
6891dbe5	CeilingLightFactory.png	0.02403360977768898	0.254	television_room
6891dbe5	FoodBagFactory.png	0.028797751292586327	0.189	television_room
6891dbe5	FoodBoxFactory.png	0.031132040545344353	0.159	television_room
6891dbe5	JarFactory.png	0.006456346716731787	0.271	waiting_room
6891dbe5	KitchenCabinetFactory.png	0.030235346406698227	0.099	television_room
6891dbe5	LargePlantContainerFactory.png	0.019478630274534225	0.145	television_room
6891dbe5	LargeShelfFactory.png	0.031361863017082214	0.173	television_room
6891dbe5	NatureShelfTrinketsFactory.png	0.02970656380057335	0.218	television_room
6891dbe5	Normal_Image.png	0.011691094376146793	0.167	waiting_room
6891dbe5	OvenFactory.png	0.029867101460695267	0.101	server_room
6891dbe5	PlantContainerFactory.png	0.0041225990280508995	0.328	waiting_room
6891dbe5	SimpleBookcaseFactory.png	0.027530841529369354	0.123	television_room
6891dbe5	SingleCabinetFactory.png	0.005628307815641165	0.299	waiting_room
6891dbe5	WallArtFactory.png	0.031540483236312866	0.177	television_room
6be7fc75	BeverageFridgeFactory.png	0.01721961423754692	0.187	basement
6be7fc75	BookStackFactory.png	0.020333407446742058	0.172	jail_cell
6be7fc75	BottleFactory.png	0.028177741914987564	0.187	basement
6be7fc75	FoodBagFactory.png	0.02673085778951645	0.187	basement
6be7fc75	FoodBoxFactory.png	0.026657991111278534	0.183	basement
6be7fc75	JarFactory.png	0.028633853420615196	0.182	basement
6be7fc75	KitchenSpaceFactory.png	0.0051786028780043125	0.347	basement
6be7fc75	NatureShelfTrinketsFactory.png	0.029051870107650757	0.180	basement
6be7fc75	Normal_Image.png	0.06671714782714844	0.160	berth
6be7fc75	OvenFactory.png	0.006958944257348776	0.219	bathroom
6be7fc75	SimpleBookcaseFactory.png	0.03062433935701847	0.182	basement
6db32d0e	BookStackFactory.png	0.0011864497791975737	0.155	locker_room
6db32d0e	BottleFactory.png	0.0012431798968464136	0.146	elevator_lobby
6db32d0e	FoodBoxFactory.png	0.0011211445089429617	0.154	locker_room
6db32d0e	JarFactory.png	0.0009202073561027646	0.158	alcove
6db32d0e	NatureShelfTrinketsFactory.png	0.001156772137619555	0.155	alcove
6db32d0e	Normal_Image.png	0.0014582836301997304	0.139	locker_room
6db32d0e	SimpleBookcaseFactory.png	0.00044196637463755906	0.250	elevator/door
6db32d0e	SingleCabinetFactory.png	0.0003048409998882562	0.224	shower
6df5bdfb	JarFactory.png	0.0015208243858069181	0.087	locker_room
6df5bdfb	KitchenSpaceFactory.png	0.00011415727203711867	0.260	bow_window/indoor
6df5bdfb	Normal_Image.png	0.0020225876942276955	0.146	basement
6df5bdfb	PotFactory.png	0.0014866056153550744	0.083	basement
6df5bdfb	SinkFactory.png	0.0011832747841253877	0.131	basement
6df5bdfb	WineglassFactory.png	0.001443070126697421	0.086	basement
6f3112cd	BeverageFridgeFactory.png	0.19133366644382477	0.332	sauna
6f3112cd	BookColumnFactory.png	0.19837364554405212	0.327	sauna
6f3112cd	BookStackFactory.png	0.19616900384426117	0.333	sauna
6f3112cd	BottleFactory.png	0.19994795322418213	0.322	sauna
6f3112cd	CanFactory.png	0.2043720781803131	0.330	sauna
6f3112cd	CeilingLightFactory.png	0.1465010643005371	0.325	utility_room
6f3112cd	DishwasherFactory.png	0.1933637410402298	0.275	utility_room
6f3112cd	FoodBagFactory.png	0.19912533462047577	0.325	sauna
6f3112cd	FoodBoxFactory.png	0.19683939218521118	0.332	sauna
6f3112cd	JarFactory.png	0.19832409918308258	0.325	sauna
6f3112cd	KitchenCabinetFactory.png	0.19198352098464966	0.333	sauna
6f3112cd	KitchenSpaceFactory.png	0.006860299967229366	0.170	corridor
6f3112cd	MirrorFactory.png	0.1601126343011856	0.370	sauna
6f3112cd	NatureShelfTrinketsFactory.png	0.198201522231102	0.327	sauna
6f3112cd	Normal_Image.png	0.20191268622875214	0.394	sauna
6f3112cd	PanFactory.png	0.04344577714800835	0.714	sauna
6f3112cd	PlantContainerFactory.png	0.19288961589336395	0.336	sauna
6f3112cd	PlateFactory.png	0.18148748576641083	0.360	sauna
6f3112cd	SimpleBookcaseFactory.png	0.21113795042037964	0.331	sauna
6f3112cd	SingleCabinetFactory.png	0.12791438400745392	0.255	utility_room
70d26d8a	BeverageFridgeFactory.png	0.018925104290246964	0.486	berth
70d26d8a	BookStackFactory.png	0.01713930256664753	0.360	home_theater
70d26d8a	BottleFactory.png	0.005295462906360626	0.206	home_theater
70d26d8a	CanFactory.png	0.004805524367839098	0.195	home_theater
70d26d8a	DeskLampFactory.png	0.013602083548903465	0.243	home_theater
70d26d8a	FoodBagFactory.png	0.013627255335450172	0.402	home_theater
70d26d8a	JarFactory.png	0.012361644767224789	0.380	home_theater
70d26d8a	KitchenCabinetFactory.png	0.004778855945914984	0.187	home_theater
70d26d8a	Normal_Image.png	0.025633282959461212	0.420	home_theater
70d26d8a	OvenFactory.png	0.018208608031272888	0.200	office
70d26d8a	SimpleBookcaseFactory.png	0.006600010674446821	0.167	berth
70d26d8a	WallArtFactory.png	0.001620996743440628	0.224	home_theater
722601d5	BowlFactory.png	0.12714143097400665	0.221	reception
722601d5	FoodBagFactory.png	0.19674432277679443	0.292	wet_bar
722601d5	FoodBoxFactory.png	0.19108596444129944	0.347	wet_bar
722601d5	JarFactory.png	0.20572756230831146	0.306	wet_bar
722601d5	KitchenSpaceFactory.png	0.004749077372252941	0.465	artists_loft
722601d5	Normal_Image.png	0.30227431654930115	0.302	kitchen
722601d5	OvenFactory.png	0.10744552314281464	0.407	wet_bar
722601d5	SingleCabinetFactory.png	0.17742881178855896	0.283	wet_bar
72fb68d5	BookColumnFactory.png	0.055993519723415375	0.222	bathroom
72fb68d5	BookStackFactory.png	0.051471590995788574	0.225	bathroom
72fb68d5	BottleFactory.png	0.053046319633722305	0.221	bathroom
72fb68d5	CanFactory.png	0.05372973158955574	0.230	bathroom
72fb68d5	CeilingLightFactory.png	0.05751998722553253	0.263	corridor
72fb68d5	FoodBoxFactory.png	0.05584007129073143	0.227	bathroom
72fb68d5	JarFactory.png	0.05418012663722038	0.221	bathroom
72fb68d5	KitchenCabinetFactory.png	0.01133993361145258	0.452	corridor
72fb68d5	KitchenSpaceFactory.png	0.049643624573946	0.305	corridor
72fb68d5	LargePlantContainerFactory.png	0.06662601232528687	0.227	bathroom
72fb68d5	NatureShelfTrinketsFactory.png	0.05799320340156555	0.228	bathroom
72fb68d5	Normal_Image.png	0.08343595266342163	0.237	galley
72fb68d5	OvenFactory.png	0.001788918860256672	0.517	corridor
72fb68d5	PlantContainerFactory.png	0.05015593022108078	0.213	bathroom
72fb68d5	SimpleBookcaseFactory.png	0.04538078233599663	0.256	corridor
72fb68d5	SinkFactory.png	0.05455230548977852	0.245	bathroom
7359436f	CeilingLightFactory.png	0.0027125331107527018	0.177	bathroom
7359436f	Normal_Image.png	0.004681563936173916	0.178	bow_window/indoor
746b7f1a	CeilingLightFactory.png	0.001605001394636929	0.250	artists_loft
746b7f1a	Normal_Image.png	0.01229154784232378	0.144	artists_loft
746b7f1a	OvenFactory.png	0.00015711592277511954	0.424	basement
761a6bc	BookStackFactory.png	0.00257982243783772	0.217	basement
761a6bc	CanFactory.png	0.0030167410150170326	0.207	basement
761a6bc	CeilingLightFactory.png	0.004378960933536291	0.100	basement
761a6bc	FoodBagFactory.png	0.0030189966782927513	0.207	basement
761a6bc	KitchenCabinetFactory.png	0.0034164225216954947	0.255	bow_window/indoor
761a6bc	Normal_Image.png	0.007102048024535179	0.148	basement
761a6bc	SingleCabinetFactory.png	0.003062015864998102	0.208	basement
7624e98e	BookStackFactory.png	0.13944603502750397	0.139	kitchen
7624e98e	BottleFactory.png	0.15958230197429657	0.160	wet_bar
7624e98e	FoodBoxFactory.png	0.15865524113178253	0.163	wet_bar
7624e98e	KitchenSpaceFactory.png	0.0033432398922741413	0.307	elevator_lobby
7624e98e	LargeShelfFactory.png	0.08820527046918869	0.139	wet_bar
7624e98e	MicrowaveFactory.png	0.08544985204935074	0.116	closet
7624e98e	NatureShelfTrinketsFactory.png	0.18297649919986725	0.183	kitchen
7624e98e	Normal_Image.png	0.1891123503446579	0.189	kitchen
7624e98e	PlantContainerFactory.png	0.14995336532592773	0.189	wet_bar
7b64571f	BookStackFactory.png	0.007559888530522585	0.114	jail_cell
7b64571f	BottleFactory.png	0.0076585435308516026	0.112	jail_cell
7b64571f	CanFactory.png	0.007675567641854286	0.113	jail_cell
7b64571f	DeskLampFactory.png	0.012129675596952438	0.081	dorm_room
7b64571f	DishwasherFactory.png	0.00791175663471222	0.068	jail_cell
7b64571f	FoodBagFactory.png	0.024980463087558746	0.099	bedroom
7b64571f	JarFactory.png	0.007710177917033434	0.114	jail_cell
7b64571f	KitchenCabinetFactory.png	0.008326259441673756	0.144	jail_cell
7b64571f	LargeShelfFactory.png	0.01068825088441372	0.068	art_gallery
7b64571f	NatureShelfTrinketsFactory.png	0.007653586100786924	0.112	jail_cell
7b64571f	Normal_Image.png	0.033698055893182755	0.089	bedroom
7b64571f	OvenFactory.png	0.007969639264047146	0.176	sauna
7b64571f	PlantContainerFactory.png	0.027812451124191284	0.107	bedroom
7b64571f	SimpleBookcaseFactory.png	0.02771705389022827	0.082	jail_cell
7b64571f	SingleCabinetFactory.png	0.022615807130932808	0.087	jail_cell
7b64571f	WallArtFactory.png	0.008514137007296085	0.103	jail_cell
7dd2ec5	BeverageFridgeFactory.png	0.0031249059829860926	0.356	basement
7dd2ec5	BookColumnFactory.png	0.0014971696073189378	0.394	basement
7dd2ec5	BookStackFactory.png	0.001353785744868219	0.443	basement
7dd2ec5	KitchenCabinetFactory.png	0.002029166789725423	0.396	basement
7dd2ec5	LargePlantContainerFactory.png	0.002196823712438345	0.423	basement
7dd2ec5	LargeShelfFactory.png	0.0014604245079681277	0.403	jail_cell
7dd2ec5	NatureShelfTrinketsFactory.png	0.0016092403093352914	0.393	basement
7dd2ec5	Normal_Image.png	0.007613379508256912	0.483	sauna
7dd2ec5	OvenFactory.png	0.0008146701729856431	0.436	basement
7ec3879a	BookStackFactory.png	0.0013153208419680595	0.275	locker_room
7ec3879a	BottleFactory.png	0.0008601065492257476	0.495	locker_room
7ec3879a	CanFactory.png	0.000827018404379487	0.472	locker_room
7ec3879a	CeilingLightFactory.png	0.0017702375771477818	0.241	locker_room
7ec3879a	CellShelfFactory.png	0.000615062890574336	0.316	locker_room
7ec3879a	DeskLampFactory.png	0.0028600641526281834	0.195	locker_room
7ec3879a	FoodBagFactory.png	0.0027661086060106754	0.224	locker_room
7ec3879a	FoodBoxFactory.png	0.000736730988137424	0.592	locker_room
7ec3879a	JarFactory.png	0.0015687511768192053	0.270	locker_room
7ec3879a	NatureShelfTrinketsFactory.png	0.0007406400400213897	0.551	locker_room
7ec3879a	Normal_Image.png	0.0008478023810312152	0.404	locker_room
7ec3879a	SingleCabinetFactory.png	0.00023710117966402322	0.662	locker_room
7eca6505	BeverageFridgeFactory.png	0.0049222013913095	0.329	elevator/door
7eca6505	BookStackFactory.png	0.0047958167269825935	0.204	server_room
7eca6505	CanFactory.png	0.004810791462659836	0.203	server_room
7eca6505	DishwasherFactory.png	0.004740284290164709	0.160	office_cubicles
7eca6505	FoodBoxFactory.png	0.004451456479728222	0.193	server_room
7eca6505	JarFactory.png	0.0036668870598077774	0.227	server_room
7eca6505	NatureShelfTrinketsFactory.png	0.0032027873676270247	0.229	server_room
7eca6505	Normal_Image.png	0.003937840461730957	0.206	office_cubicles
7eca6505	SingleCabinetFactory.png	0.003448760835453868	0.229	server_room
7f1aacaf	BookStackFactory.png	0.044935185462236404	0.122	bathroom
7f1aacaf	BottleFactory.png	0.02424051985144615	0.116	home_office
7f1aacaf	CeilingLightFactory.png	0.03548111766576767	0.133	home_office
7f1aacaf	CupFactory.png	0.02204175293445587	0.159	television_room
7f1aacaf	JarFactory.png	0.043621279299259186	0.115	home_office
7f1aacaf	KitchenCabinetFactory.png	0.04689052700996399	0.127	bathroom
7f1aacaf	KitchenSpaceFactory.png	0.0017640579026192427	0.124	television_room
7f1aacaf	NatureShelfTrinketsFactory.png	0.02431666851043701	0.116	home_office
7f1aacaf	Normal_Image.png	0.09227332472801208	0.114	television_room
7f1aacaf	OvenFactory.png	0.00897275097668171	0.473	bathroom
7f1aacaf	PlateFactory.png	0.04524420201778412	0.098	television_room
7f1aacaf	SingleCabinetFactory.png	0.020167607814073563	0.120	home_office
7f1aacaf	SinkFactory.png	0.016057157889008522	0.102	home_office
7f323514	BookColumnFactory.png	0.0003353418142069131	0.737	jail_cell
7f323514	BottleFactory.png	0.0009623453370295465	0.329	jail_cell
7f323514	CanFactory.png	0.001000036601908505	0.381	jail_cell
7f323514	DishwasherFactory.png	0.0004433136200532317	0.424	jail_cell
7f323514	FoodBagFactory.png	0.0008568096091039479	0.461	jail_cell
7f323514	FoodBoxFactory.png	0.0013121624942868948	0.348	jail_cell
7f323514	LargeShelfFactory.png	7.27808364899829e-05	0.856	jail_cell
7f323514	NatureShelfTrinketsFactory.png	0.0010244441218674183	0.327	jail_cell
7f323514	Normal_Image.png	0.0007786059868521988	0.295	alcove
7f8eaf16	CellShelfFactory.png	0.4239879846572876	0.424	kitchen
7f8eaf16	KitchenSpaceFactory.png	0.007518366444855928	0.162	office
7f8eaf16	Normal_Image.png	0.481009304523468	0.481	kitchen
7f8eaf16	OvenFactory.png	0.07087451964616776	0.470	utility_room
7f8eaf16	SinkFactory.png	0.26595038175582886	0.330	utility_room
9f2a8fb	BeverageFridgeFactory.png	0.013614490628242493	0.495	sauna
9f2a8fb	KitchenSpaceFactory.png	0.00029020398505963385	0.426	closet
9f2a8fb	Normal_Image.png	0.02054903842508793	0.283	sauna
9f2a8fb	SinkFactory.png	0.014975020661950111	0.302	sauna
c3c5ab2	CeilingLightFactory.png	0.00020441757806111127	0.469	jail_cell
c3c5ab2	DishwasherFactory.png	0.00021885403839405626	0.400	jail_cell
c3c5ab2	KitchenSpaceFactory.png	0.0001302671735174954	0.553	jail_cell
c3c5ab2	LargePlantContainerFactory.png	0.0002507763565517962	0.464	jail_cell
c3c5ab2	MicrowaveFactory.png	0.00036795675987377763	0.726	jail_cell
c3c5ab2	MirrorFactory.png	0.0003297692455817014	0.430	jail_cell
c3c5ab2	Normal_Image.png	0.0013703173026442528	0.201	home_theater
c3c5ab2	OvenFactory.png	0.00037590181455016136	0.509	jail_cell
c3c5ab2	SinkFactory.png	0.0003189624403603375	0.388	jail_cell
c3c5ab2	WallArtFactory.png	0.0002882347325794399	0.379	jail_cell
c3c5ab2	WineglassFactory.png	0.00021622491476591676	0.459	jail_cell
ca39e7c	DishwasherFactory.png	0.0006964438362047076	0.225	jail_cell
ca39e7c	Normal_Image.png	0.008296465501189232	0.653	office_cubicles
